[{"model": "contenttypes.contenttype", "pk": 1, "fields": {"app_label": "admin", "model": "logentry"}}, {"model": "contenttypes.contenttype", "pk": 2, "fields": {"app_label": "auth", "model": "permission"}}, {"model": "contenttypes.contenttype", "pk": 3, "fields": {"app_label": "auth", "model": "group"}}, {"model": "contenttypes.contenttype", "pk": 4, "fields": {"app_label": "auth", "model": "user"}}, {"model": "contenttypes.contenttype", "pk": 5, "fields": {"app_label": "contenttypes", "model": "contenttype"}}, {"model": "contenttypes.contenttype", "pk": 6, "fields": {"app_label": "sessions", "model": "session"}}, {"model": "contenttypes.contenttype", "pk": 7, "fields": {"app_label": "myapp", "model": "product"}}, {"model": "contenttypes.contenttype", "pk": 8, "fields": {"app_label": "myapp", "model": "client"}}, {"model": "contenttypes.contenttype", "pk": 9, "fields": {"app_label": "myapp", "model": "category"}}, {"model": "contenttypes.contenttype", "pk": 10, "fields": {"app_label": "myapp", "model": "order"}}, {"model": "sessions.session", "pk": "265ms7msgx7xgni2rgw5f0811bkhfonr", "fields": {"session_data": "Nzk1MDZkZTMyNjQ0ZmNlYjlkYmIxMWQzYzliOWQ2YzlhMTA3ZjU3MDp7Il9hdXRoX3VzZXJfaWQiOiIyIiwiX2F1dGhfdXNlcl9iYWNrZW5kIjoiZGphbmdvLmNvbnRyaWIuYXV0aC5iYWNrZW5kcy5Nb2RlbEJhY2tlbmQiLCJfYXV0aF91c2VyX2hhc2giOiI0NmI0OWNiN2ZmZjEzMmMyNGY3MTVhYTllNDRjNDViNWVlMTk4NWE1In0=", "expire_date": "2019-06-03T02:29:08.235Z"}}, {"model": "sessions.session", "pk": "2u28l0bbw3l8pd7fu9did41z9mxfd1zk", "fields": {"session_data": "NjQ3ODFkNTQ3OWI3NGFjYzViMTc4Nzk1ZWNkYzllYTJkODdmNzY3Mjp7ImlzX29yZGVyIjp0cnVlfQ==", "expire_date": "2019-07-12T00:36:26.520Z"}}, {"model": "sessions.session", "pk": "52vggwnyuh8yfnhdwtrqzufu7fk9cewj", "fields": {"session_data": "YmY2NTgyZTRjNWNjNWQ3ZTViNDdmMzhhNWVjNTkyM2Y0NzBkYmE4Yzp7Imxhc3RfbG9naW4iOiIyMDE5LTA2LTE3IDExOjMxOjE5Ljc3ODQ1MyIsIl9zZXNzaW9uX2V4cGlyeSI6MzYwMCwiX2F1dGhfdXNlcl9pZCI6IjciLCJfYXV0aF91c2VyX2JhY2tlbmQiOiJkamFuZ28uY29udHJpYi5hdXRoLmJhY2tlbmRzLk1vZGVsQmFja2VuZCIsIl9hdXRoX3VzZXJfaGFzaCI6IjlhZTlkNzJlZjJhZGM2MzhiZWViZTZmYTIxOTg3OWQ2MWNiZWJlYWQifQ==", "expire_date": "2019-06-17T16:31:20.417Z"}}, {"model": "sessions.session", "pk": "9546edx5dwzo0c7bscgue2cg67rn31om", "fields": {"session_data": "Nzk1MDZkZTMyNjQ0ZmNlYjlkYmIxMWQzYzliOWQ2YzlhMTA3ZjU3MDp7Il9hdXRoX3VzZXJfaWQiOiIyIiwiX2F1dGhfdXNlcl9iYWNrZW5kIjoiZGphbmdvLmNvbnRyaWIuYXV0aC5iYWNrZW5kcy5Nb2RlbEJhY2tlbmQiLCJfYXV0aF91c2VyX2hhc2giOiI0NmI0OWNiN2ZmZjEzMmMyNGY3MTVhYTllNDRjNDViNWVlMTk4NWE1In0=", "expire_date": "2019-07-12T12:12:50.903Z"}}, {"model": "sessions.session", "pk": "enqtuycoi6juzsqo2cgq6rhm84sexz5p", "fields": {"session_data": "MGE3NzY1NzdkYmRiNmMyMDk5NWRkOGE5ZjhmZGE4NjJkYWE5OGM2Nzp7fQ==", "expire_date": "2019-07-01T16:44:03.291Z"}}, {"model": "sessions.session", "pk": "he59cvlkp4o6fxdocz73jfmytanab6l9", "fields": {"session_data": "MGE3NzY1NzdkYmRiNmMyMDk5NWRkOGE5ZjhmZGE4NjJkYWE5OGM2Nzp7fQ==", "expire_date": "2019-07-12T04:34:06.575Z"}}, {"model": "sessions.session", "pk": "inva8le4g0z3psq7g7tb2dd5cytqcj84", "fields": {"session_data": "MGE3NzY1NzdkYmRiNmMyMDk5NWRkOGE5ZjhmZGE4NjJkYWE5OGM2Nzp7fQ==", "expire_date": "2019-07-01T16:34:58.079Z"}}, {"model": "sessions.session", "pk": "j01g4rjwa6vqkh9jdm3cn7r4ueouihd9", "fields": {"session_data": "MGE3NzY1NzdkYmRiNmMyMDk5NWRkOGE5ZjhmZGE4NjJkYWE5OGM2Nzp7fQ==", "expire_date": "2019-07-12T00:02:05.366Z"}}, {"model": "sessions.session", "pk": "j6itpjpe0k6cbn0usqgr1g2on10kwp8x", "fields": {"session_data": "Nzk1MDZkZTMyNjQ0ZmNlYjlkYmIxMWQzYzliOWQ2YzlhMTA3ZjU3MDp7Il9hdXRoX3VzZXJfaWQiOiIyIiwiX2F1dGhfdXNlcl9iYWNrZW5kIjoiZGphbmdvLmNvbnRyaWIuYXV0aC5iYWNrZW5kcy5Nb2RlbEJhY2tlbmQiLCJfYXV0aF91c2VyX2hhc2giOiI0NmI0OWNiN2ZmZjEzMmMyNGY3MTVhYTllNDRjNDViNWVlMTk4NWE1In0=", "expire_date": "2019-06-06T14:19:46.495Z"}}, {"model": "sessions.session", "pk": "jnr6jrm231ujbbh8ce1flz0tm652fk73", "fields": {"session_data": "NzczNjhlZTIzNjk0YTA2NWIzYTdiYjJiOWM3ZWU2NmY1NWNjZjQ5Yjp7Il9hdXRoX3VzZXJfaWQiOiIxNyIsIl9hdXRoX3VzZXJfYmFja2VuZCI6ImRqYW5nby5jb250cmliLmF1dGguYmFja2VuZHMuTW9kZWxCYWNrZW5kIiwiX2F1dGhfdXNlcl9oYXNoIjoiMTUwMjlhMjgzYmFkYTUxZWExNTE2NTYwMWRjZjljZWI4YTkyZTYxNCIsImxhc3RfbG9naW4iOiIyMDE5LTA2LTI4IDAyOjQ5OjE5Ljc2MTEwMSIsIl9zZXNzaW9uX2V4cGlyeSI6MzYwMCwidXNlcm5hbWUiOiJwcmFpdGFsaXlhIn0=", "expire_date": "2019-06-28T07:49:19.763Z"}}, {"model": "sessions.session", "pk": "qixuw8rd78i5ufshj5jb8wdozpjfytqr", "fields": {"session_data": "Nzk1MDZkZTMyNjQ0ZmNlYjlkYmIxMWQzYzliOWQ2YzlhMTA3ZjU3MDp7Il9hdXRoX3VzZXJfaWQiOiIyIiwiX2F1dGhfdXNlcl9iYWNrZW5kIjoiZGphbmdvLmNvbnRyaWIuYXV0aC5iYWNrZW5kcy5Nb2RlbEJhY2tlbmQiLCJfYXV0aF91c2VyX2hhc2giOiI0NmI0OWNiN2ZmZjEzMmMyNGY3MTVhYTllNDRjNDViNWVlMTk4NWE1In0=", "expire_date": "2019-06-09T23:16:44.193Z"}}, {"model": "sessions.session", "pk": "rxht8emq0s2xu3ohoajxcnpsinecvbl7", "fields": {"session_data": "MGE3NzY1NzdkYmRiNmMyMDk5NWRkOGE5ZjhmZGE4NjJkYWE5OGM2Nzp7fQ==", "expire_date": "2019-07-12T03:29:16.216Z"}}, {"model": "sessions.session", "pk": "syxs4qq0thvvx4bftfiu2n1gevd6v2s9", "fields": {"session_data": "ZmZmNzE5ODI2NTYzY2UwYjZiNjc1N2ViOTcyNmQyZGI5YjgwMjNiMzp7ImlzX29yZGVyIjpmYWxzZSwiX2F1dGhfdXNlcl9pZCI6IjE1IiwiX2F1dGhfdXNlcl9iYWNrZW5kIjoiZGphbmdvLmNvbnRyaWIuYXV0aC5iYWNrZW5kcy5Nb2RlbEJhY2tlbmQiLCJfYXV0aF91c2VyX2hhc2giOiI2OWFiMDMzMmZkZjc4Yjg4YmI0NTI2NmMwZDQ3YjFhNGU5ZDFjMjBkIiwibGFzdF9sb2dpbiI6IjIwMTktMDYtMjcgMjA6Mzg6MTIuMjUzMzI2IiwiX3Nlc3Npb25fZXhwaXJ5IjozNjAwLCJ1c2VybmFtZSI6Inh5cSJ9", "expire_date": "2019-06-28T01:38:12.354Z"}}, {"model": "sessions.session", "pk": "xivki8x8w82q6eag808bi6qlsd9agq42", "fields": {"session_data": "NDM3MjFmMTBjN2I0ZDQ2MzYzNDQ5NDVkNjQ2ODFhNTE5ZTIwNTBkNzp7Il9hdXRoX3VzZXJfaWQiOiIyIiwiX2F1dGhfdXNlcl9iYWNrZW5kIjoiZGphbmdvLmNvbnRyaWIuYXV0aC5iYWNrZW5kcy5Nb2RlbEJhY2tlbmQiLCJfYXV0aF91c2VyX2hhc2giOiI0NmI0OWNiN2ZmZjEzMmMyNGY3MTVhYTllNDRjNDViNWVlMTk4NWE1IiwibGFzdF9sb2dpbiI6IjIwMTktMDYtMTYgMTI6MzU6MzcuNTIwNzAyIiwiX3Nlc3Npb25fZXhwaXJ5IjozNjAwfQ==", "expire_date": "2019-06-16T17:35:37.837Z"}}, {"model": "sessions.session", "pk": "y6rxnocb8i9wxo43prjfjeurhi9dbosq", "fields": {"session_data": "MGE3NzY1NzdkYmRiNmMyMDk5NWRkOGE5ZjhmZGE4NjJkYWE5OGM2Nzp7fQ==", "expire_date": "2019-07-01T16:41:46.895Z"}}, {"model": "myapp.category", "pk": 1, "fields": {"name": "Furniture", "warehouse": "Windsor"}}, {"model": "myapp.category", "pk": 2, "fields": {"name": "Appliances", "warehouse": "Windsor"}}, {"model": "myapp.category", "pk": 3, "fields": {"name": "Electronics", "warehouse": "London"}}, {"model": "myapp.category", "pk": 4, "fields": {"name": "Home Decor", "warehouse": "Waterloo"}}, {"model": "myapp.category", "pk": 5, "fields": {"name": "Flooring", "warehouse": "London"}}, {"model": "myapp.product", "pk": 1, "fields": {"category": 4, "name": "Clock", "price": "99.99", "stock": 50, "available": true, "description": "", "interested_in": 0}}, {"model": "myapp.product", "pk": 2, "fields": {"category": 4, "name": "Vase", "price": "82.54", "stock": 100, "available": true, "description": "", "interested_in": 0}}, {"model": "myapp.product", "pk": 3, "fields": {"category": 4, "name": "Painting", "price": "135.80", "stock": 80, "available": true, "description": "", "interested_in": 0}}, {"model": "myapp.product", "pk": 4, "fields": {"category": 4, "name": "Lamp", "price": "59.99", "stock": 200, "available": true, "description": "", "interested_in": 0}}, {"model": "myapp.product", "pk": 5, "fields": {"category": 3, "name": "Tablet", "price": "299.99", "stock": 0, "available": false, "description": "", "interested_in": 0}}, {"model": "myapp.product", "pk": 6, "fields": {"category": 3, "name": "Laptop", "price": "975.50", "stock": 85, "available": true, "description": "", "interested_in": 0}}, {"model": "myapp.product", "pk": 7, "fields": {"category": 3, "name": "TV", "price": "3500.00", "stock": 20, "available": true, "description": "", "interested_in": 0}}, {"model": "myapp.product", "pk": 8, "fields": {"category": 1, "name": "Table", "price": "599.99", "stock": 120, "available": true, "description": "", "interested_in": 0}}, {"model": "myapp.product", "pk": 9, "fields": {"category": 1, "name": "Dresser", "price": "360.85", "stock": 100, "available": true, "description": "", "interested_in": 0}}, {"model": "myapp.product", "pk": 10, "fields": {"category": 1, "name": "Bed", "price": "1225.25", "stock": 0, "available": false, "description": "", "interested_in": 0}}, {"model": "myapp.product", "pk": 11, "fields": {"category": 1, "name": "Sofa", "price": "1500.95", "stock": 175, "available": true, "description": "", "interested_in": 0}}, {"model": "myapp.product", "pk": 12, "fields": {"category": 2, "name": "Dryer", "price": "775.00", "stock": 0, "available": false, "description": "", "interested_in": 0}}, {"model": "myapp.product", "pk": 13, "fields": {"category": 2, "name": "Washer", "price": "885.75", "stock": 50, "available": true, "description": "", "interested_in": 0}}, {"model": "myapp.product", "pk": 14, "fields": {"category": 2, "name": "Stove", "price": "950.50", "stock": 50, "available": true, "description": "", "interested_in": 0}}, {"model": "auth.permission", "pk": 1, "fields": {"name": "Can add log entry", "content_type": 1, "codename": "add_logentry"}}, {"model": "auth.permission", "pk": 2, "fields": {"name": "Can change log entry", "content_type": 1, "codename": "change_logentry"}}, {"model": "auth.permission", "pk": 3, "fields": {"name": "Can delete log entry", "content_type": 1, "codename": "delete_logentry"}}, {"model": "auth.permission", "pk": 4, "fields": {"name": "Can view log entry", "content_type": 1, "codename": "view_logentry"}}, {"model": "auth.permission", "pk": 5, "fields": {"name": "Can add permission", "content_type": 2, "codename": "add_permission"}}, {"model": "auth.permission", "pk": 6, "fields": {"name": "Can change permission", "content_type": 2, "codename": "change_permission"}}, {"model": "auth.permission", "pk": 7, "fields": {"name": "Can delete permission", "content_type": 2, "codename": "delete_permission"}}, {"model": "auth.permission", "pk": 8, "fields": {"name": "Can view permission", "content_type": 2, "codename": "view_permission"}}, {"model": "auth.permission", "pk": 9, "fields": {"name": "Can add group", "content_type": 3, "codename": "add_group"}}, {"model": "auth.permission", "pk": 10, "fields": {"name": "Can change group", "content_type": 3, "codename": "change_group"}}, {"model": "auth.permission", "pk": 11, "fields": {"name": "Can delete group", "content_type": 3, "codename": "delete_group"}}, {"model": "auth.permission", "pk": 12, "fields": {"name": "Can view group", "content_type": 3, "codename": "view_group"}}, {"model": "auth.permission", "pk": 13, "fields": {"name": "Can add user", "content_type": 4, "codename": "add_user"}}, {"model": "auth.permission", "pk": 14, "fields": {"name": "Can change user", "content_type": 4, "codename": "change_user"}}, {"model": "auth.permission", "pk": 15, "fields": {"name": "Can delete user", "content_type": 4, "codename": "delete_user"}}, {"model": "auth.permission", "pk": 16, "fields": {"name": "Can view user", "content_type": 4, "codename": "view_user"}}, {"model": "auth.permission", "pk": 17, "fields": {"name": "Can add content type", "content_type": 5, "codename": "add_contenttype"}}, {"model": "auth.permission", "pk": 18, "fields": {"name": "Can change content type", "content_type": 5, "codename": "change_contenttype"}}, {"model": "auth.permission", "pk": 19, "fields": {"name": "Can delete content type", "content_type": 5, "codename": "delete_contenttype"}}, {"model": "auth.permission", "pk": 20, "fields": {"name": "Can view content type", "content_type": 5, "codename": "view_contenttype"}}, {"model": "auth.permission", "pk": 21, "fields": {"name": "Can add session", "content_type": 6, "codename": "add_session"}}, {"model": "auth.permission", "pk": 22, "fields": {"name": "Can change session", "content_type": 6, "codename": "change_session"}}, {"model": "auth.permission", "pk": 23, "fields": {"name": "Can delete session", "content_type": 6, "codename": "delete_session"}}, {"model": "auth.permission", "pk": 24, "fields": {"name": "Can view session", "content_type": 6, "codename": "view_session"}}, {"model": "auth.permission", "pk": 25, "fields": {"name": "Can add product", "content_type": 7, "codename": "add_product"}}, {"model": "auth.permission", "pk": 26, "fields": {"name": "Can change product", "content_type": 7, "codename": "change_product"}}, {"model": "auth.permission", "pk": 27, "fields": {"name": "Can delete product", "content_type": 7, "codename": "delete_product"}}, {"model": "auth.permission", "pk": 28, "fields": {"name": "Can view product", "content_type": 7, "codename": "view_product"}}, {"model": "auth.permission", "pk": 29, "fields": {"name": "Can add user", "content_type": 8, "codename": "add_client"}}, {"model": "auth.permission", "pk": 30, "fields": {"name": "Can change user", "content_type": 8, "codename": "change_client"}}, {"model": "auth.permission", "pk": 31, "fields": {"name": "Can delete user", "content_type": 8, "codename": "delete_client"}}, {"model": "auth.permission", "pk": 32, "fields": {"name": "Can view user", "content_type": 8, "codename": "view_client"}}, {"model": "auth.permission", "pk": 33, "fields": {"name": "Can add category", "content_type": 9, "codename": "add_category"}}, {"model": "auth.permission", "pk": 34, "fields": {"name": "Can change category", "content_type": 9, "codename": "change_category"}}, {"model": "auth.permission", "pk": 35, "fields": {"name": "Can delete category", "content_type": 9, "codename": "delete_category"}}, {"model": "auth.permission", "pk": 36, "fields": {"name": "Can view category", "content_type": 9, "codename": "view_category"}}, {"model": "auth.permission", "pk": 37, "fields": {"name": "Can add order", "content_type": 10, "codename": "add_order"}}, {"model": "auth.permission", "pk": 38, "fields": {"name": "Can change order", "content_type": 10, "codename": "change_order"}}, {"model": "auth.permission", "pk": 39, "fields": {"name": "Can delete order", "content_type": 10, "codename": "delete_order"}}, {"model": "auth.permission", "pk": 40, "fields": {"name": "Can view order", "content_type": 10, "codename": "view_order"}}, {"model": "auth.user", "pk": 2, "fields": {"password": "pbkdf2_sha256$150000$6tIFfinslZks$t2sqn7oLRVRp4dp06LGNlKG6JIw/mYKekPIt90WwMmc=", "last_login": "2019-06-28T12:12:50.770Z", "is_superuser": true, "username": "gorm", "first_name": "", "last_name": "", "email": "mehagor25@gmail.com", "is_staff": true, "is_active": true, "date_joined": "2019-05-20T00:00:44.330Z", "groups": [], "user_permissions": []}}, {"model": "auth.user", "pk": 6, "fields": {"password": "pbkdf2_sha256$150000$5un3D7eE5T4O$BrgYE/h1zQFTzNmS5MzMaR7eqrMQSSKMHOBwQjebR6o=", "last_login": null, "is_superuser": true, "username": "john", "first_name": "John", "last_name": "Smith", "email": "", "is_staff": true, "is_active": true, "date_joined": "2019-05-20T00:11:28Z", "groups": [], "user_permissions": []}}, {"model": "auth.user", "pk": 7, "fields": {"password": "456", "last_login": "2019-06-17T16:44:03Z", "is_superuser": true, "username": "Mary", "first_name": "Mary", "last_name": "Hall", "email": "mary@gmail.com", "is_staff": true, "is_active": true, "date_joined": "2019-05-20T00:12:20Z", "groups": [], "user_permissions": [1, 2, 3, 4, 9, 10, 11, 12, 5, 6, 7, 8, 13, 14, 15, 16, 17, 18, 19, 20, 33, 34, 35, 36, 29, 30, 31, 32, 37, 38, 39, 40, 25, 26, 27, 28, 21, 22, 23, 24]}}, {"model": "auth.user", "pk": 8, "fields": {"password": "pbkdf2_sha256$150000$xQWffBuYtnM6$3Na5CoSxfQVrV8U+F0BtlpQvfm4apNIsn/iTuLrKg3k=", "last_login": null, "is_superuser": true, "username": "Alan", "first_name": "Alan", "last_name": "Jones", "email": "", "is_staff": true, "is_active": true, "date_joined": "2019-05-20T00:37:07Z", "groups": [], "user_permissions": []}}, {"model": "auth.user", "pk": 9, "fields": {"password": "pbkdf2_sha256$150000$JtxV2nlyYA5c$wXJU6e57SrTPAXbhuvWsRPPdoxSKx3Yi/Yi1z+tvECY=", "last_login": null, "is_superuser": true, "username": "Josh", "first_name": "Josh", "last_name": "Jones", "email": "", "is_staff": true, "is_active": true, "date_joined": "2019-05-20T00:38:14Z", "groups": [], "user_permissions": []}}, {"model": "auth.user", "pk": 10, "fields": {"password": "123", "last_login": null, "is_superuser": true, "username": "Bill", "first_name": "Bill", "last_name": "Wang", "email": "", "is_staff": true, "is_active": true, "date_joined": "2019-05-20T00:39:37Z", "groups": [], "user_permissions": []}}, {"model": "auth.user", "pk": 11, "fields": {"password": "pbkdf2_sha256$150000$ywHNBb8V91wI$t7JpaKD/oDXOGvd5UzCZAL4CNHKEYbKrw3cW2dqAp5k=", "last_login": null, "is_superuser": false, "username": "kari", "first_name": "Karishma", "last_name": "Sarvaiya", "email": "", "is_staff": false, "is_active": true, "date_joined": "2019-06-27T23:34:41.341Z", "groups": [], "user_permissions": []}}, {"model": "auth.user", "pk": 12, "fields": {"password": "pbkdf2_sha256$150000$eSJrK9z8Ku76$tsXe49sdOqAVsSedqTSS2mXr2BS1rXWd4JaJXnh3Hdc=", "last_login": null, "is_superuser": false, "username": "jay", "first_name": "jay", "last_name": "sukhadiya", "email": "", "is_staff": false, "is_active": true, "date_joined": "2019-06-27T23:38:40.004Z", "groups": [], "user_permissions": []}}, {"model": "auth.user", "pk": 13, "fields": {"password": "pbkdf2_sha256$150000$wTjnsVagj7lY$AiRvlgNPjLAJEX1PFGiF1AHHxM68bdqeP0qRXzeBwj8=", "last_login": null, "is_superuser": false, "username": "jeelu", "first_name": "jeel", "last_name": "Bhavsar", "email": "", "is_staff": false, "is_active": true, "date_joined": "2019-06-27T23:39:50.795Z", "groups": [], "user_permissions": []}}, {"model": "auth.user", "pk": 14, "fields": {"password": "pbkdf2_sha256$150000$CslAFLOoKGBg$HUDAXIiMMvHYeQCHgULhN1hUy/itqq/ooQPifpH8jMc=", "last_login": null, "is_superuser": false, "username": "prush", "first_name": "Prashant", "last_name": "Italiya", "email": "", "is_staff": false, "is_active": true, "date_joined": "2019-06-27T23:42:29.052Z", "groups": [], "user_permissions": []}}, {"model": "auth.user", "pk": 15, "fields": {"password": "pbkdf2_sha256$150000$yxgrSViuguze$YtE8PjBbav/+mbVbqDr7GomYgmydDd3W3Jau4KONlb8=", "last_login": "2019-06-28T05:22:22.471Z", "is_superuser": false, "username": "xyq", "first_name": "kewnm", "last_name": "ohiwkeld", "email": "", "is_staff": false, "is_active": true, "date_joined": "2019-06-27T23:49:44.523Z", "groups": [], "user_permissions": []}}, {"model": "auth.user", "pk": 16, "fields": {"password": "", "last_login": null, "is_superuser": false, "username": "", "first_name": "Meha", "last_name": "Gor", "email": "", "is_staff": false, "is_active": true, "date_joined": "2019-06-28T05:30:29.770Z", "groups": [], "user_permissions": []}}, {"model": "auth.user", "pk": 17, "fields": {"password": "pbkdf2_sha256$150000$DTsxwzXPUZtB$FUWCXNN43dcpw+nPSPABntFOE4sK9Nw8N6hnqpEzHcU=", "last_login": "2019-06-28T12:07:58Z", "is_superuser": true, "username": "praitaliya", "first_name": "Prashant", "last_name": "Italiya", "email": "italiya@uwindsor.ca", "is_staff": true, "is_active": true, "date_joined": "2019-06-28T06:01:29Z", "groups": [], "user_permissions": [1, 2, 3, 4, 9, 10, 11, 12, 5, 6, 7, 8, 13, 14, 15, 16, 17, 18, 19, 20, 33, 34, 35, 36, 29, 30, 31, 32, 37, 38, 39, 40, 25, 26, 27, 28, 21, 22, 23, 24]}}, {"model": "myapp.client", "pk": 6, "fields": {"image": "", "company": "xyz", "shipping_address": "123 University Avenue", "city": "Windsor", "province": "ON", "groups": [], "user_permissions": [], "interested_in": [1, 2, 3, 4]}}, {"model": "myapp.client", "pk": 7, "fields": {"image": "", "company": "mnk", "shipping_address": "456 Sunset Avenue", "city": "Windsor", "province": "ON", "groups": [], "user_permissions": [1, 2, 3, 4, 9, 10, 11, 12, 5, 6, 7, 8, 13, 14, 15, 16, 17, 18, 19, 20, 33, 34, 35, 36, 29, 30, 31, 32, 37, 38, 39, 40, 25, 26, 27, 28, 21, 22, 23, 24], "interested_in": [1, 3]}}, {"model": "myapp.client", "pk": 8, "fields": {"image": "", "company": "abc", "shipping_address": "789 King Street", "city": "Calgary", "province": "AB", "groups": [], "user_permissions": [], "interested_in": [2, 3, 4]}}, {"model": "myapp.client", "pk": 9, "fields": {"image": "", "company": "mno", "shipping_address": "456 Sunset Avenue", "city": "Montreal", "province": "QC", "groups": [], "user_permissions": [], "interested_in": [1, 2, 4, 5]}}, {"model": "myapp.client", "pk": 10, "fields": {"image": "", "company": "mno", "shipping_address": "987 King Street", "city": "Edmononton", "province": "AB", "groups": [], "user_permissions": [], "interested_in": [3]}}, {"model": "myapp.client", "pk": 16, "fields": {"image": "", "company": null, "shipping_address": null, "city": "Windsor", "province": "ON", "groups": [], "user_permissions": [], "interested_in": [1]}}, {"model": "myapp.order", "pk": 1, "fields": {"product": 4, "client": 7, "num_units": 2, "order_status": 1, "status_date": "2019-05-23"}}, {"model": "myapp.order", "pk": 2, "fields": {"product": 7, "client": 6, "num_units": 1, "order_status": 1, "status_date": "2019-05-30"}}, {"model": "myapp.order", "pk": 3, "fields": {"product": 2, "client": 7, "num_units": 20, "order_status": 1, "status_date": "2019-06-10"}}, {"model": "myapp.order", "pk": 4, "fields": {"product": 2, "client": 7, "num_units": 20, "order_status": 1, "status_date": "2019-06-10"}}, {"model": "myapp.order", "pk": 5, "fields": {"product": 3, "client": 8, "num_units": 20, "order_status": 1, "status_date": "2019-06-10"}}, {"model": "myapp.order", "pk": 6, "fields": {"product": 2, "client": 7, "num_units": 2, "order_status": 1, "status_date": "2019-06-10"}}, {"model": "myapp.order", "pk": 7, "fields": {"product": 1, "client": 6, "num_units": 20, "order_status": 1, "status_date": "2019-06-28"}}, {"model": "myapp.order", "pk": 8, "fields": {"product": 2, "client": 16, "num_units": 50, "order_status": 1, "status_date": "2019-06-28"}}, {"model": "myapp.order", "pk": 9, "fields": {"product": 1, "client": 16, "num_units": 50, "order_status": 1, "status_date": "2019-06-28"}}, {"model": "myapp.order", "pk": 10, "fields": {"product": 1, "client": 16, "num_units": 50, "order_status": 1, "status_date": "2019-06-28"}}, {"model": "admin.logentry", "pk": 1, "fields": {"action_time": "2019-05-20T00:02:56.053Z", "user": 2, "content_type": 9, "object_id": "1", "object_repr": "Category object (1)", "action_flag": 1, "change_message": "[{\"added\": {}}]"}}, {"model": "admin.logentry", "pk": 2, "fields": {"action_time": "2019-05-20T00:03:05.172Z", "user": 2, "content_type": 9, "object_id": "2", "object_repr": "Category object (2)", "action_flag": 1, "change_message": "[{\"added\": {}}]"}}, {"model": "admin.logentry", "pk": 3, "fields": {"action_time": "2019-05-20T00:03:20.985Z", "user": 2, "content_type": 9, "object_id": "3", "object_repr": "Category object (3)", "action_flag": 1, "change_message": "[{\"added\": {}}]"}}, {"model": "admin.logentry", "pk": 4, "fields": {"action_time": "2019-05-20T00:03:44.579Z", "user": 2, "content_type": 9, "object_id": "4", "object_repr": "Category object (4)", "action_flag": 1, "change_message": "[{\"added\": {}}]"}}, {"model": "admin.logentry", "pk": 5, "fields": {"action_time": "2019-05-20T00:04:01.253Z", "user": 2, "content_type": 9, "object_id": "5", "object_repr": "Category object (5)", "action_flag": 1, "change_message": "[{\"added\": {}}]"}}, {"model": "admin.logentry", "pk": 6, "fields": {"action_time": "2019-05-20T00:07:07.576Z", "user": 2, "content_type": 8, "object_id": "3", "object_repr": "js123", "action_flag": 1, "change_message": "[{\"added\": {}}]"}}, {"model": "admin.logentry", "pk": 7, "fields": {"action_time": "2019-05-20T00:09:35.059Z", "user": 2, "content_type": 8, "object_id": "4", "object_repr": "ads", "action_flag": 1, "change_message": "[{\"added\": {}}]"}}, {"model": "admin.logentry", "pk": 8, "fields": {"action_time": "2019-05-20T00:10:49.860Z", "user": 2, "content_type": 8, "object_id": "5", "object_repr": "as", "action_flag": 1, "change_message": "[{\"added\": {}}]"}}, {"model": "admin.logentry", "pk": 9, "fields": {"action_time": "2019-05-20T00:11:23.281Z", "user": 2, "content_type": 8, "object_id": "5", "object_repr": "as", "action_flag": 3, "change_message": ""}}, {"model": "admin.logentry", "pk": 10, "fields": {"action_time": "2019-05-20T00:11:23.428Z", "user": 2, "content_type": 8, "object_id": "4", "object_repr": "ads", "action_flag": 3, "change_message": ""}}, {"model": "admin.logentry", "pk": 11, "fields": {"action_time": "2019-05-20T00:11:23.542Z", "user": 2, "content_type": 8, "object_id": "3", "object_repr": "js123", "action_flag": 3, "change_message": ""}}, {"model": "admin.logentry", "pk": 12, "fields": {"action_time": "2019-05-20T00:12:19.922Z", "user": 2, "content_type": 8, "object_id": "6", "object_repr": "john", "action_flag": 1, "change_message": "[{\"added\": {}}]"}}, {"model": "admin.logentry", "pk": 13, "fields": {"action_time": "2019-05-20T00:37:07.582Z", "user": 2, "content_type": 8, "object_id": "7", "object_repr": "Mary", "action_flag": 1, "change_message": "[{\"added\": {}}]"}}, {"model": "admin.logentry", "pk": 14, "fields": {"action_time": "2019-05-20T00:38:14.319Z", "user": 2, "content_type": 8, "object_id": "8", "object_repr": "Alan", "action_flag": 1, "change_message": "[{\"added\": {}}]"}}, {"model": "admin.logentry", "pk": 15, "fields": {"action_time": "2019-05-20T00:39:37.241Z", "user": 2, "content_type": 8, "object_id": "9", "object_repr": "Josh", "action_flag": 1, "change_message": "[{\"added\": {}}]"}}, {"model": "admin.logentry", "pk": 16, "fields": {"action_time": "2019-05-20T00:41:00.349Z", "user": 2, "content_type": 8, "object_id": "10", "object_repr": "Bill", "action_flag": 1, "change_message": "[{\"added\": {}}]"}}, {"model": "admin.logentry", "pk": 17, "fields": {"action_time": "2019-05-20T00:42:06.954Z", "user": 2, "content_type": 7, "object_id": "1", "object_repr": "Product object (1)", "action_flag": 1, "change_message": "[{\"added\": {}}]"}}, {"model": "admin.logentry", "pk": 18, "fields": {"action_time": "2019-05-20T00:42:22.116Z", "user": 2, "content_type": 7, "object_id": "2", "object_repr": "Product object (2)", "action_flag": 1, "change_message": "[{\"added\": {}}]"}}, {"model": "admin.logentry", "pk": 19, "fields": {"action_time": "2019-05-20T00:43:00.058Z", "user": 2, "content_type": 7, "object_id": "3", "object_repr": "Product object (3)", "action_flag": 1, "change_message": "[{\"added\": {}}]"}}, {"model": "admin.logentry", "pk": 20, "fields": {"action_time": "2019-05-20T00:43:19.021Z", "user": 2, "content_type": 7, "object_id": "4", "object_repr": "Product object (4)", "action_flag": 1, "change_message": "[{\"added\": {}}]"}}, {"model": "admin.logentry", "pk": 21, "fields": {"action_time": "2019-05-20T00:44:07.294Z", "user": 2, "content_type": 7, "object_id": "5", "object_repr": "Product object (5)", "action_flag": 1, "change_message": "[{\"added\": {}}]"}}, {"model": "admin.logentry", "pk": 22, "fields": {"action_time": "2019-05-20T00:45:41.485Z", "user": 2, "content_type": 7, "object_id": "6", "object_repr": "Product object (6)", "action_flag": 1, "change_message": "[{\"added\": {}}]"}}, {"model": "admin.logentry", "pk": 23, "fields": {"action_time": "2019-05-20T00:46:05.569Z", "user": 2, "content_type": 7, "object_id": "7", "object_repr": "Product object (7)", "action_flag": 1, "change_message": "[{\"added\": {}}]"}}, {"model": "admin.logentry", "pk": 24, "fields": {"action_time": "2019-05-20T00:46:58.343Z", "user": 2, "content_type": 7, "object_id": "8", "object_repr": "Product object (8)", "action_flag": 1, "change_message": "[{\"added\": {}}]"}}, {"model": "admin.logentry", "pk": 25, "fields": {"action_time": "2019-05-20T00:47:34.247Z", "user": 2, "content_type": 7, "object_id": "9", "object_repr": "Product object (9)", "action_flag": 1, "change_message": "[{\"added\": {}}]"}}, {"model": "admin.logentry", "pk": 26, "fields": {"action_time": "2019-05-20T00:47:59.526Z", "user": 2, "content_type": 7, "object_id": "10", "object_repr": "Product object (10)", "action_flag": 1, "change_message": "[{\"added\": {}}]"}}, {"model": "admin.logentry", "pk": 27, "fields": {"action_time": "2019-05-20T00:48:21.718Z", "user": 2, "content_type": 7, "object_id": "11", "object_repr": "Product object (11)", "action_flag": 1, "change_message": "[{\"added\": {}}]"}}, {"model": "admin.logentry", "pk": 28, "fields": {"action_time": "2019-05-20T00:48:45.905Z", "user": 2, "content_type": 7, "object_id": "12", "object_repr": "Product object (12)", "action_flag": 1, "change_message": "[{\"added\": {}}]"}}, {"model": "admin.logentry", "pk": 29, "fields": {"action_time": "2019-05-20T00:49:04.289Z", "user": 2, "content_type": 7, "object_id": "13", "object_repr": "Product object (13)", "action_flag": 1, "change_message": "[{\"added\": {}}]"}}, {"model": "admin.logentry", "pk": 30, "fields": {"action_time": "2019-05-20T00:49:42.769Z", "user": 2, "content_type": 7, "object_id": "14", "object_repr": "Product object (14)", "action_flag": 1, "change_message": "[{\"added\": {}}]"}}, {"model": "admin.logentry", "pk": 31, "fields": {"action_time": "2019-05-20T00:50:43.831Z", "user": 2, "content_type": 10, "object_id": "1", "object_repr": "Order object (1)", "action_flag": 1, "change_message": "[{\"added\": {}}]"}}, {"model": "admin.logentry", "pk": 32, "fields": {"action_time": "2019-05-20T00:51:06.664Z", "user": 2, "content_type": 10, "object_id": "2", "object_repr": "Order object (2)", "action_flag": 1, "change_message": "[{\"added\": {}}]"}}, {"model": "admin.logentry", "pk": 33, "fields": {"action_time": "2019-05-20T02:06:45.691Z", "user": 2, "content_type": 9, "object_id": "5", "object_repr": "Category object (5)", "action_flag": 2, "change_message": "[]"}}, {"model": "admin.logentry", "pk": 34, "fields": {"action_time": "2019-06-17T13:40:40.333Z", "user": 2, "content_type": 4, "object_id": "1", "object_repr": "mehag", "action_flag": 3, "change_message": ""}}, {"model": "admin.logentry", "pk": 35, "fields": {"action_time": "2019-06-17T13:42:51.198Z", "user": 2, "content_type": 8, "object_id": "10", "object_repr": "Bill Wang", "action_flag": 2, "change_message": "[{\"changed\": {\"fields\": [\"is_superuser\", \"is_staff\"]}}]"}}, {"model": "admin.logentry", "pk": 36, "fields": {"action_time": "2019-06-17T13:42:57.866Z", "user": 2, "content_type": 8, "object_id": "10", "object_repr": "Bill Wang", "action_flag": 2, "change_message": "[]"}}, {"model": "admin.logentry", "pk": 37, "fields": {"action_time": "2019-06-17T13:43:05.161Z", "user": 2, "content_type": 8, "object_id": "10", "object_repr": "Bill Wang", "action_flag": 2, "change_message": "[]"}}, {"model": "admin.logentry", "pk": 38, "fields": {"action_time": "2019-06-17T13:43:12.951Z", "user": 2, "content_type": 8, "object_id": "10", "object_repr": "Bill Wang", "action_flag": 2, "change_message": "[]"}}, {"model": "admin.logentry", "pk": 39, "fields": {"action_time": "2019-06-17T13:43:41.587Z", "user": 2, "content_type": 8, "object_id": "10", "object_repr": "Bill Wang", "action_flag": 2, "change_message": "[]"}}, {"model": "admin.logentry", "pk": 40, "fields": {"action_time": "2019-06-17T13:43:47.781Z", "user": 2, "content_type": 8, "object_id": "10", "object_repr": "Bill Wang", "action_flag": 2, "change_message": "[]"}}, {"model": "admin.logentry", "pk": 41, "fields": {"action_time": "2019-06-17T13:43:52.695Z", "user": 2, "content_type": 8, "object_id": "10", "object_repr": "Bill Wang", "action_flag": 2, "change_message": "[]"}}, {"model": "admin.logentry", "pk": 42, "fields": {"action_time": "2019-06-17T13:44:07.375Z", "user": 2, "content_type": 8, "object_id": "9", "object_repr": "Josh Jones", "action_flag": 2, "change_message": "[{\"changed\": {\"fields\": [\"is_superuser\", \"is_staff\"]}}]"}}, {"model": "admin.logentry", "pk": 43, "fields": {"action_time": "2019-06-17T13:44:22.217Z", "user": 2, "content_type": 8, "object_id": "8", "object_repr": "Alan Jones", "action_flag": 2, "change_message": "[{\"changed\": {\"fields\": [\"is_superuser\", \"is_staff\"]}}]"}}, {"model": "admin.logentry", "pk": 44, "fields": {"action_time": "2019-06-17T13:44:33.234Z", "user": 2, "content_type": 8, "object_id": "7", "object_repr": "Mary Hall", "action_flag": 2, "change_message": "[{\"changed\": {\"fields\": [\"is_staff\"]}}]"}}, {"model": "admin.logentry", "pk": 45, "fields": {"action_time": "2019-06-17T13:44:45.866Z", "user": 2, "content_type": 8, "object_id": "6", "object_repr": "John Smith", "action_flag": 2, "change_message": "[{\"changed\": {\"fields\": [\"is_superuser\", \"is_staff\"]}}]"}}, {"model": "admin.logentry", "pk": 46, "fields": {"action_time": "2019-06-17T13:45:58.342Z", "user": 2, "content_type": 8, "object_id": "7", "object_repr": "Mary Hall", "action_flag": 2, "change_message": "[{\"changed\": {\"fields\": [\"is_superuser\"]}}]"}}, {"model": "admin.logentry", "pk": 47, "fields": {"action_time": "2019-06-27T22:04:01.141Z", "user": 2, "content_type": 8, "object_id": "7", "object_repr": "Mary Hall", "action_flag": 2, "change_message": "[{\"changed\": {\"fields\": [\"password\"]}}]"}}, {"model": "admin.logentry", "pk": 48, "fields": {"action_time": "2019-06-27T23:10:45.207Z", "user": 2, "content_type": 8, "object_id": "10", "object_repr": "Bill Wang", "action_flag": 2, "change_message": "[{\"changed\": {\"fields\": [\"password\"]}}]"}}, {"model": "admin.logentry", "pk": 49, "fields": {"action_time": "2019-06-27T23:23:19.748Z", "user": 2, "content_type": 4, "object_id": "7", "object_repr": "Mary", "action_flag": 2, "change_message": "[{\"changed\": {\"fields\": [\"email\", \"user_permissions\"]}}]"}}, {"model": "admin.logentry", "pk": 50, "fields": {"action_time": "2019-06-28T05:30:29.778Z", "user": 2, "content_type": 8, "object_id": "16", "object_repr": "Meha Gor", "action_flag": 1, "change_message": "[{\"added\": {}}]"}}, {"model": "admin.logentry", "pk": 51, "fields": {"action_time": "2019-06-28T05:30:55.755Z", "user": 2, "content_type": 8, "object_id": "16", "object_repr": "Meha Gor", "action_flag": 2, "change_message": "[]"}}, {"model": "admin.logentry", "pk": 52, "fields": {"action_time": "2019-06-28T05:56:00.714Z", "user": 2, "content_type": 8, "object_id": "9", "object_repr": "Josh Jones", "action_flag": 2, "change_message": "[{\"changed\": {\"fields\": [\"interested_in\"]}}]"}}, {"model": "admin.logentry", "pk": 53, "fields": {"action_time": "2019-06-28T05:59:36.790Z", "user": 2, "content_type": 7, "object_id": "12", "object_repr": "Dryer -> Stock : 0", "action_flag": 2, "change_message": "[{\"changed\": {\"fields\": [\"stock\"]}}]"}}, {"model": "admin.logentry", "pk": 54, "fields": {"action_time": "2019-06-28T12:13:49.521Z", "user": 2, "content_type": 4, "object_id": "7", "object_repr": "Mary", "action_flag": 2, "change_message": "[]"}}, {"model": "admin.logentry", "pk": 55, "fields": {"action_time": "2019-06-28T12:14:33.611Z", "user": 2, "content_type": 4, "object_id": "17", "object_repr": "praitaliya", "action_flag": 2, "change_message": "[{\"changed\": {\"fields\": [\"email\", \"is_staff\", \"is_superuser\", \"user_permissions\"]}}]"}}]